Year,Alaska,Alabama,Arkansas,Arizona,California,Colorado,Connecticut,Delaware,Florida,Georgia,Hawaii,Idaho,Illinois,Indiana,Iowa,Kansas,Kentucky,Louisiana,Maine,Maryland,Massachusetts,Michigan,Minnesota,Mississippi,Missouri,Montana,Nebraska,Nevada,New Hampshire,New Jersey,New Mexico,New York,North Carolina,North Dakota,Ohio,Oklahoma,Oregon,Pennsylvania,Rhode Island,South Carolina,South Dakota,Tennessee,Texas,D.C.,Utah,Vermont,Virginia,Washington,West Virginia,Wisconsin,Wyoming
1900,,1.83,1.314,0.124,1.49,0.5429999999999999,0.91,0.185,0.53,2.22,,0.163,4.828,2.5180000000000002,2.231,1.473,2.148,1.3840000000000001,0.695,1.189,2.7880000000000003,2.423,1.754,1.5530000000000002,3.108,0.245,1.067,0.043,0.043,1.8840000000000001,1.8840000000000001,7.2829999999999995,1.8969999999999998,0.321,4.1610000000000005,0.8,0.415,6.313,0.43,1.3419999999999999,0.40299999999999997,2.023,3.055,0.278,0.27699999999999997,0.344,1.858,0.523,0.9590000000000001,2.072,0.09300000000000001
1901,,1.9069999999999998,1.341,0.131,1.55,0.581,0.9309999999999999,0.187,0.544,2.263,,0.17600000000000002,4.914,2.541,2.227,1.49,2.162,1.412,0.6990000000000001,1.2,2.7939999999999996,2.45,1.805,1.578,3.128,0.261,1.078,0.045,0.045,1.889,1.889,7.449,1.926,0.34600000000000003,4.216,0.9159999999999999,0.434,6.439,0.441,1.361,0.418,2.041,3.1319999999999997,0.285,0.284,0.34700000000000003,1.8869999999999998,0.583,0.972,2.109,0.1
1902,,1.935,1.36,0.138,1.6230000000000002,0.621,0.9520000000000001,0.188,0.565,2.305,,0.19899999999999998,4.992,2.5669999999999997,2.222,1.505,2.177,1.44,0.703,1.21,2.8560000000000003,2.477,1.8619999999999999,1.6030000000000002,3.147,0.27,1.089,0.049,0.049,1.9169999999999998,1.9169999999999998,7.612,1.956,0.371,4.322,1.0270000000000001,0.45399999999999996,6.567,0.45,1.379,0.431,2.06,3.21,0.29,0.292,0.349,1.8940000000000001,0.6509999999999999,1.0,2.141,0.105
1903,,1.9569999999999999,1.3840000000000001,0.14400000000000002,1.702,0.652,0.972,0.19,0.5870000000000001,2.346,,0.21600000000000003,5.071000000000001,2.594,2.217,1.4980000000000002,2.191,1.4669999999999999,0.7090000000000001,1.209,2.924,2.505,1.901,1.6280000000000001,3.1660000000000004,0.282,1.104,0.052000000000000005,0.052000000000000005,1.969,1.969,7.771,1.986,0.396,4.386,1.1179999999999999,0.479,6.699,0.46,1.3969999999999998,0.43700000000000006,2.082,3.2910000000000004,0.295,0.299,0.35,1.89,0.7190000000000001,1.037,2.171,0.10800000000000001
1904,,1.9780000000000002,1.419,0.151,1.7919999999999998,0.659,0.987,0.192,0.599,2.387,,0.22899999999999998,5.1610000000000005,2.614,2.2119999999999997,1.527,2.205,1.495,0.7190000000000001,1.217,2.969,2.5340000000000003,1.945,1.653,3.185,0.293,1.119,0.055999999999999994,0.055999999999999994,2.05,2.05,7.9270000000000005,2.017,0.42100000000000004,4.458,1.2,0.504,6.832999999999999,0.47100000000000003,1.415,0.452,2.086,3.3739999999999997,0.302,0.308,0.353,1.889,0.782,1.064,2.202,0.111
1905,,2.012,1.4469999999999998,0.158,1.893,0.68,1.01,0.19399999999999998,0.615,2.427,,0.24600000000000002,5.2410000000000005,2.635,2.211,1.555,2.22,1.5230000000000001,0.723,1.237,3.0180000000000002,2.5789999999999997,1.9809999999999999,1.6780000000000002,3.2039999999999997,0.305,1.129,0.059000000000000004,0.059000000000000004,2.151,2.151,8.084,2.051,0.446,4.53,1.2770000000000001,0.53,6.97,0.48100000000000004,1.433,0.461,2.1109999999999998,3.4589999999999996,0.308,0.316,0.354,1.9169999999999998,0.8420000000000001,1.094,2.231,0.114
1906,,2.045,1.465,0.16699999999999998,1.976,0.7070000000000001,1.033,0.196,0.628,2.4659999999999997,,0.262,5.309,2.6630000000000003,2.214,1.5759999999999998,2.234,1.551,0.7290000000000001,1.251,3.1069999999999998,2.6260000000000003,1.9869999999999999,1.703,3.2230000000000003,0.322,1.138,0.064,0.064,2.239,2.239,8.289,2.077,0.474,4.587,1.349,0.555,7.11,0.49200000000000005,1.4509999999999998,0.47700000000000004,2.136,3.5460000000000003,0.313,0.327,0.355,1.942,0.904,1.122,2.25,0.11800000000000001
1907,,2.0580000000000003,1.484,0.17600000000000002,2.0540000000000003,0.733,1.057,0.19699999999999998,0.645,2.505,,0.27699999999999997,5.3839999999999995,2.679,2.217,1.6119999999999999,2.249,1.579,0.731,1.2570000000000001,3.1830000000000003,2.693,1.995,1.7280000000000002,3.242,0.332,1.149,0.068,0.068,2.314,2.314,8.499,2.105,0.501,4.63,1.4140000000000001,0.58,7.252999999999999,0.505,1.4680000000000002,0.498,2.136,3.636,0.317,0.33899999999999997,0.355,1.952,0.9670000000000001,1.149,2.2680000000000002,0.125
1908,,2.07,1.5130000000000001,0.18600000000000003,2.161,0.757,1.077,0.19899999999999998,0.684,2.543,,0.29100000000000004,5.474,2.677,2.22,1.629,2.263,1.607,0.735,1.2690000000000001,3.2510000000000003,2.722,2.02,1.7530000000000001,3.26,0.34600000000000003,1.161,0.073,0.073,2.403,2.403,8.714,2.142,0.528,4.677,1.4980000000000002,0.61,7.398,0.519,1.485,0.527,2.164,3.727,0.321,0.35100000000000003,0.354,1.994,1.028,1.1740000000000002,2.292,0.133
1909,,2.108,1.545,0.196,2.282,0.775,1.097,0.201,0.7240000000000001,2.58,,0.311,5.567,2.678,2.2230000000000003,1.6580000000000001,2.278,1.6340000000000001,0.74,1.2890000000000001,3.3160000000000003,2.7710000000000004,2.051,1.777,3.279,0.363,1.177,0.078,0.078,2.487,2.487,8.935,2.174,0.555,4.7010000000000005,1.585,0.643,7.546,0.532,1.5019999999999998,0.5529999999999999,2.177,3.821,0.327,0.363,0.35600000000000004,2.0380000000000003,1.091,1.203,2.3169999999999997,0.141
1910,,2.15,1.5830000000000002,0.20600000000000002,2.406,0.804,1.122,0.203,0.7559999999999999,2.6180000000000003,,0.32899999999999996,5.667999999999999,2.713,2.228,1.692,2.299,1.6669999999999998,0.745,1.3019999999999998,3.365,2.832,2.086,1.8019999999999998,3.301,0.38,1.198,0.08199999999999999,0.08199999999999999,2.55,2.55,9.137,2.221,0.58,4.7860000000000005,1.671,0.677,7.706,0.545,1.5230000000000001,0.59,2.191,3.9219999999999997,0.33399999999999996,0.377,0.35700000000000004,2.0709999999999997,1.148,1.2309999999999999,2.345,0.147
1911,,2.185,1.61,0.212,2.5340000000000003,0.821,1.149,0.207,0.773,2.6439999999999997,,0.34299999999999997,5.757000000000001,2.7510000000000003,2.249,1.6840000000000002,2.324,1.695,0.7509999999999999,1.324,3.383,2.9160000000000004,2.119,1.81,3.3169999999999997,0.397,1.216,0.081,0.081,2.61,2.61,9.249,2.276,0.584,4.821000000000001,1.714,0.6920000000000001,7.85,0.556,1.548,0.602,2.197,4.016,0.344,0.387,0.358,2.092,1.167,1.266,2.369,0.15
1912,,2.217,1.636,0.217,2.668,0.8320000000000001,1.176,0.209,0.8009999999999999,2.676,,0.359,5.827999999999999,2.785,2.279,1.671,2.347,1.709,0.753,1.345,3.44,2.997,2.147,1.817,3.344,0.414,1.232,0.081,0.081,2.67,2.67,9.361,2.313,0.603,4.893,1.7369999999999999,0.706,7.986000000000001,0.5670000000000001,1.5719999999999998,0.5920000000000001,2.218,4.107,0.34,0.39899999999999997,0.359,2.122,1.1840000000000002,1.291,2.407,0.153
1913,,2.279,1.6640000000000001,0.23600000000000002,2.8110000000000004,0.835,1.208,0.213,0.828,2.733,,0.371,5.961,2.824,2.305,1.663,2.374,1.7269999999999999,0.763,1.368,3.534,3.1010000000000004,2.19,1.827,3.409,0.433,1.246,0.08199999999999999,0.08199999999999999,2.7289999999999996,2.7289999999999996,9.472999999999999,2.362,0.609,4.997,1.777,0.722,8.139,0.578,1.599,0.584,2.2569999999999997,4.207,0.358,0.41,0.361,2.176,1.209,1.317,2.438,0.157
1914,,2.336,1.6880000000000002,0.253,2.9339999999999997,0.846,1.2329999999999999,0.21600000000000003,0.871,2.7760000000000002,,0.384,6.109,2.8569999999999998,2.338,1.662,2.395,1.74,0.772,1.389,3.636,3.1830000000000003,2.234,1.8319999999999999,3.467,0.452,1.264,0.083,0.083,2.7889999999999997,2.7889999999999997,9.585,2.421,0.62,5.109,1.824,0.736,8.276,0.589,1.6219999999999999,0.581,2.289,4.3,0.368,0.42200000000000004,0.36200000000000004,2.241,1.2309999999999999,1.3619999999999999,2.49,0.163
1915,,2.345,1.702,0.263,3.008,0.868,1.258,0.217,0.922,2.81,,0.39399999999999996,6.194,2.873,2.366,1.6869999999999998,2.401,1.755,0.774,1.401,3.705,3.263,2.273,1.8259999999999998,3.492,0.469,1.272,0.08199999999999999,0.08199999999999999,2.85,2.85,9.7,2.4730000000000003,0.6409999999999999,5.251,1.86,0.745,8.362,0.597,1.635,0.585,2.294,4.368,0.361,0.43,0.36,2.294,1.239,1.3869999999999998,2.535,0.16699999999999998
1916,,2.359,1.719,0.282,3.071,0.892,1.294,0.21899999999999997,0.924,2.8560000000000003,,0.405,6.274,2.897,2.376,1.7269999999999999,2.411,1.7990000000000002,0.775,1.415,3.7260000000000004,3.353,2.3080000000000003,1.8230000000000002,3.5269999999999997,0.48700000000000004,1.275,0.08199999999999999,0.08199999999999999,2.918,2.918,9.847999999999999,2.513,0.652,5.3660000000000005,1.9069999999999998,0.7559999999999999,8.463,0.598,1.65,0.595,2.3040000000000003,4.444,0.36,0.436,0.36,2.316,1.255,1.4140000000000001,2.562,0.174
1917,,2.3609999999999998,1.7369999999999999,0.311,3.1710000000000003,0.91,1.327,0.222,0.895,2.885,,0.413,6.313,2.91,2.3819999999999997,1.7480000000000002,2.421,1.795,0.777,1.4280000000000002,3.738,3.451,2.329,1.82,3.47,0.505,1.285,0.081,0.081,2.9760000000000004,2.9760000000000004,9.993,2.546,0.6609999999999999,5.51,1.96,0.763,8.578,0.606,1.675,0.599,2.331,4.563,0.385,0.444,0.37200000000000005,2.313,1.287,1.439,2.5869999999999997,0.18600000000000003
1918,,2.343,1.749,0.32,3.262,0.9059999999999999,1.329,0.22,0.865,2.9410000000000003,,0.405,6.275,2.88,2.351,1.729,2.425,1.746,0.76,1.4669999999999999,3.695,3.4989999999999997,2.291,1.8130000000000002,3.325,0.501,1.266,0.077,0.077,3.043,3.043,9.936,2.522,0.636,5.547000000000001,1.969,0.763,8.524,0.604,1.746,0.57,2.2880000000000003,4.666,0.418,0.43700000000000006,0.35200000000000004,2.359,1.341,1.4380000000000002,2.597,0.18100000000000002
1919,,2.3369999999999997,1.742,0.32899999999999996,3.339,0.938,1.359,0.221,0.898,2.87,,0.424,6.392,2.906,2.379,1.756,2.4130000000000003,1.756,0.762,1.445,3.785,3.591,2.346,1.79,3.3710000000000004,0.534,1.29,0.077,0.077,3.136,3.136,10.252,2.535,0.648,5.683,2.003,0.774,8.642999999999999,0.603,1.6869999999999998,0.606,2.305,4.631,0.445,0.446,0.35200000000000004,2.318,1.3330000000000002,1.464,2.6,0.191
1920,,2.359,1.756,0.34,3.554,0.937,1.391,0.21899999999999997,0.9620000000000001,2.926,,0.433,6.662999999999999,2.947,2.4,1.7690000000000001,2.421,1.8130000000000002,0.7709999999999999,1.464,3.8819999999999997,3.7230000000000003,2.403,1.8,3.404,0.5429999999999999,1.3,0.078,0.078,3.198,3.198,10.282,2.588,0.6459999999999999,5.7989999999999995,2.055,0.7879999999999999,8.74,0.613,1.685,0.64,2.329,4.723,0.44,0.45299999999999996,0.353,2.347,1.3730000000000002,1.47,2.679,0.19699999999999998
1921,,2.4019999999999997,1.7690000000000001,0.35100000000000003,3.795,0.961,1.415,0.21600000000000003,0.997,2.965,,0.435,6.858,2.9760000000000004,2.407,1.7790000000000001,2.436,1.847,0.775,1.492,3.951,3.872,2.434,1.8230000000000002,3.429,0.546,1.3090000000000002,0.08,0.08,3.2969999999999997,3.2969999999999997,10.415999999999999,2.6510000000000002,0.6459999999999999,5.921,2.108,0.7979999999999999,8.9,0.629,1.693,0.652,2.369,4.853,0.446,0.457,0.355,2.395,1.405,1.485,2.722,0.203
1922,,2.434,1.7719999999999998,0.36,3.991,0.965,1.431,0.214,1.044,2.965,,0.436,6.957999999999999,2.965,2.428,1.7990000000000002,2.45,1.871,0.778,1.5090000000000001,4.01,3.9419999999999997,2.451,1.8359999999999999,3.437,0.5429999999999999,1.3119999999999998,0.081,0.081,3.38,3.38,10.589,2.7,0.647,6.053999999999999,2.14,0.8140000000000001,8.982000000000001,0.644,1.692,0.66,2.424,4.955,0.45,0.467,0.354,2.412,1.415,1.4980000000000002,2.761,0.20800000000000002
1923,,2.464,1.784,0.371,4.27,0.9840000000000001,1.455,0.215,1.097,2.9539999999999997,,0.436,7.068,3.042,2.425,1.808,2.48,1.903,0.7809999999999999,1.521,4.0569999999999995,4.063,2.487,1.858,3.4539999999999997,0.5379999999999999,1.321,0.08199999999999999,0.08199999999999999,3.472,3.472,10.752,2.761,0.648,6.183,2.1590000000000003,0.833,9.148,0.6559999999999999,1.699,0.669,2.463,5.077,0.45299999999999996,0.474,0.354,2.423,1.433,1.526,2.803,0.21100000000000002
1924,,2.501,1.8,0.382,4.541,1.014,1.4809999999999999,0.21899999999999997,1.16,2.92,,0.434,7.215,3.0860000000000003,2.42,1.807,2.531,1.939,0.7879999999999999,1.537,4.102,4.2139999999999995,2.521,1.886,3.508,0.5379999999999999,1.3330000000000002,0.084,0.084,3.573,3.573,10.953,2.83,0.642,6.319,2.1790000000000003,0.856,9.383,0.669,1.71,0.6729999999999999,2.502,5.21,0.456,0.48100000000000004,0.355,2.426,1.4669999999999999,1.577,2.833,0.215
1925,,2.5340000000000003,1.8119999999999998,0.39299999999999996,4.73,1.0190000000000001,1.506,0.222,1.264,2.883,,0.436,7.306,3.1189999999999998,2.427,1.825,2.52,1.972,0.792,1.556,4.154,4.331,2.54,1.91,3.5260000000000002,0.535,1.3430000000000002,0.085,0.085,3.6639999999999997,3.6639999999999997,11.186,2.895,0.643,6.434,2.2159999999999997,0.883,9.478,0.68,1.7180000000000002,0.682,2.531,5.332000000000001,0.461,0.48700000000000004,0.355,2.423,1.494,1.5930000000000002,2.863,0.21600000000000003
1926,,2.5669999999999997,1.8259999999999998,0.40299999999999997,4.928999999999999,1.016,1.531,0.225,1.368,2.8689999999999998,,0.441,7.395,3.148,2.432,1.8359999999999999,2.545,2.005,0.7929999999999999,1.5759999999999998,4.194,4.4510000000000005,2.56,1.935,3.556,0.531,1.3530000000000002,0.087,0.087,3.758,3.758,11.257,2.9589999999999996,0.6509999999999999,6.504,2.256,0.905,9.594,0.6809999999999999,1.726,0.6829999999999999,2.553,5.452999999999999,0.469,0.494,0.35600000000000004,2.419,1.516,1.6230000000000002,2.892,0.217
1927,,2.609,1.84,0.414,5.147,1.028,1.557,0.22899999999999998,1.4180000000000001,2.891,,0.447,7.519,3.1910000000000003,2.441,1.8359999999999999,2.551,2.039,0.7959999999999999,1.599,4.223,4.5889999999999995,2.588,1.962,3.576,0.527,1.365,0.08800000000000001,0.08800000000000001,3.891,3.891,11.174000000000001,3.0269999999999997,0.657,6.577000000000001,2.306,0.925,9.745,0.677,1.736,0.682,2.608,5.577000000000001,0.47600000000000003,0.5,0.35700000000000004,2.4330000000000003,1.538,1.671,2.9160000000000004,0.21899999999999997
1928,,2.64,1.847,0.42200000000000004,5.343999999999999,1.014,1.577,0.233,1.433,2.903,,0.449,7.5760000000000005,3.2119999999999997,2.45,1.85,2.5669999999999997,2.064,0.797,1.61,4.217,4.665,2.592,1.9809999999999999,3.6010000000000004,0.541,1.371,0.08900000000000001,0.08900000000000001,3.968,3.968,11.599,3.082,0.665,6.608,2.344,0.9359999999999999,9.802,0.6779999999999999,1.739,0.685,2.6239999999999997,5.675,0.479,0.504,0.358,2.435,1.551,1.696,2.923,0.22
1929,,2.6439999999999997,1.8519999999999999,0.43,5.531000000000001,1.008,1.594,0.23600000000000002,1.445,2.903,,0.447,7.606,3.2260000000000004,2.46,1.867,2.6060000000000003,2.086,0.797,1.621,4.229,4.795,2.572,1.9980000000000002,3.622,0.524,1.375,0.09,0.09,3.989,3.989,12.171,3.133,0.674,6.626,2.372,0.9470000000000001,9.722999999999999,0.684,1.739,0.69,2.6039999999999996,5.7620000000000005,0.483,0.508,0.359,2.425,1.555,1.7169999999999999,2.9339999999999997,0.223
1930,,2.647,1.859,0.434,5.711,1.04,1.6130000000000002,0.239,1.4709999999999999,2.91,,0.447,7.644,3.242,2.475,1.883,2.623,2.105,0.8,1.636,4.25,4.834,2.576,2.006,3.6460000000000004,0.539,1.38,0.092,0.092,4.0680000000000005,4.0680000000000005,12.647,3.167,0.682,6.662000000000001,2.401,0.956,9.649,0.6859999999999999,1.745,0.693,2.6189999999999998,5.843999999999999,0.488,0.509,0.36,2.427,1.568,1.733,2.95,0.226
1931,,2.6489999999999996,1.848,0.429,5.824,1.056,1.6280000000000001,0.242,1.493,2.924,,0.45399999999999996,7.687,3.2569999999999997,2.4819999999999998,1.881,2.6519999999999997,2.124,0.807,1.6569999999999998,4.248,4.798,2.614,1.994,3.7110000000000003,0.54,1.3840000000000001,0.094,0.094,4.12,4.12,12.847999999999999,3.1839999999999997,0.68,6.694,2.403,0.966,9.707,0.6809999999999999,1.7530000000000001,0.6940000000000001,2.657,5.907,0.504,0.513,0.359,2.445,1.581,1.74,2.99,0.22899999999999998
1932,,2.653,1.8359999999999999,0.426,5.894,1.0659999999999998,1.6369999999999998,0.245,1.521,2.935,,0.45899999999999996,7.736000000000001,3.281,2.489,1.883,2.676,2.155,0.815,1.6780000000000002,4.2589999999999995,4.78,2.6460000000000004,2.004,3.7460000000000004,0.54,1.386,0.096,0.096,4.12,4.12,13.001,3.227,0.6759999999999999,6.7170000000000005,2.394,0.972,9.764,0.677,1.7480000000000002,0.6920000000000001,2.7110000000000003,5.961,0.513,0.517,0.358,2.452,1.584,1.7469999999999999,3.0210000000000004,0.23
1933,,2.661,1.854,0.426,5.962999999999999,1.071,1.642,0.248,1.5519999999999998,2.95,,0.46399999999999997,7.768,3.304,2.495,1.8769999999999998,2.698,2.178,0.821,1.694,4.282,4.78,2.673,2.031,3.773,0.541,1.385,0.096,0.096,4.107,4.107,13.126,3.2680000000000002,0.674,6.74,2.392,0.978,9.783999999999999,0.675,1.7519999999999998,0.69,2.747,6.013999999999999,0.529,0.52,0.35700000000000004,2.46,1.5919999999999999,1.7519999999999998,3.04,0.23
1934,,2.685,1.8780000000000001,0.428,6.06,1.075,1.65,0.25,1.585,2.964,,0.473,7.772,3.319,2.51,1.868,2.722,2.202,0.8290000000000001,1.71,4.305,4.798,2.695,2.05,3.784,0.545,1.382,0.098,0.098,4.0889999999999995,4.0889999999999995,13.253,3.304,0.672,6.751,2.391,0.985,9.795,0.675,1.76,0.682,2.784,6.053,0.568,0.522,0.35700000000000004,2.485,1.61,1.771,3.054,0.233
1935,,2.719,1.89,0.434,6.175,1.078,1.666,0.252,1.6130000000000002,2.955,,0.48100000000000004,7.797000000000001,3.332,2.524,1.8719999999999999,2.748,2.228,0.836,1.729,4.343,4.838,2.717,2.061,3.798,0.55,1.375,0.1,0.1,4.085,4.085,13.375,3.323,0.67,6.787000000000001,2.386,1.001,9.774,0.6779999999999999,1.7690000000000001,0.674,2.798,6.122999999999999,0.608,0.526,0.35700000000000004,2.52,1.629,1.794,3.07,0.237
1936,,2.7430000000000003,1.892,0.44299999999999995,6.341,1.09,1.672,0.253,1.651,2.978,,0.495,7.84,3.3480000000000003,2.509,1.869,2.7680000000000002,2.246,0.84,1.745,4.355,4.888999999999999,2.734,2.072,3.801,0.5539999999999999,1.358,0.10099999999999999,0.10099999999999999,4.084,4.084,13.481,3.346,0.664,6.801,2.365,1.025,9.767000000000001,0.6859999999999999,1.781,0.6659999999999999,2.7910000000000004,6.192,0.629,0.527,0.35700000000000004,2.552,1.653,1.808,3.082,0.24
1937,,2.762,1.903,0.45299999999999996,6.528,1.104,1.6780000000000002,0.254,1.709,3.037,,0.507,7.857,3.3739999999999997,2.498,1.8559999999999999,2.784,2.2569999999999997,0.8420000000000001,1.754,4.3580000000000005,4.968,2.7460000000000004,2.086,3.7939999999999996,0.5539999999999999,1.339,0.10300000000000001,0.10300000000000001,4.088,4.088,13.511,3.385,0.655,6.809,2.334,1.048,9.79,0.6940000000000001,1.8019999999999998,0.6559999999999999,2.795,6.25,0.616,0.529,0.35600000000000004,2.59,1.681,1.8130000000000002,3.088,0.243
1938,,2.787,1.9280000000000002,0.466,6.656000000000001,1.112,1.6840000000000002,0.257,1.771,3.091,,0.513,7.8660000000000005,3.386,2.494,1.8419999999999999,2.8,2.285,0.843,1.766,4.365,5.056,2.753,2.127,3.781,0.552,1.3259999999999998,0.105,0.105,4.1,4.1,13.512,3.44,0.647,6.837000000000001,2.324,1.067,9.952,0.6940000000000001,1.834,0.649,2.821,6.301,0.638,0.535,0.35600000000000004,2.638,1.6980000000000002,1.828,3.0980000000000003,0.24600000000000002
1939,,2.8139999999999996,1.9480000000000002,0.484,6.785,1.12,1.696,0.263,1.8359999999999999,3.12,,0.521,7.89,3.403,2.52,1.824,2.825,2.334,0.846,1.7930000000000001,4.3469999999999995,5.156000000000001,2.7710000000000004,2.168,3.783,0.555,1.318,0.107,0.107,4.129,4.129,13.523,3.514,0.644,6.886,2.333,1.081,9.901,0.701,1.8719999999999999,0.645,2.8739999999999997,6.36,0.6579999999999999,0.5429999999999999,0.358,2.67,1.715,1.868,3.1210000000000004,0.248
1940,,2.845,1.955,0.499,6.95,1.13,1.7080000000000002,0.26899999999999996,1.915,3.1189999999999998,,0.522,7.905,3.4330000000000003,2.537,1.788,2.859,2.37,0.8490000000000001,1.839,4.3180000000000005,5.315,2.79,2.176,3.786,0.5579999999999999,1.3159999999999998,0.113,0.113,4.175,4.175,13.456,3.574,0.64,6.928999999999999,2.325,1.0859999999999999,9.896,0.7190000000000001,1.902,0.6409999999999999,2.935,6.425,0.69,0.552,0.363,2.72,1.74,1.9069999999999998,3.1430000000000002,0.25
1941,,2.9019999999999997,1.969,0.49,7.237,1.124,1.746,0.275,2.017,3.179,,0.501,7.995,3.483,2.491,1.765,2.824,2.484,0.852,1.913,4.388999999999999,5.472,2.718,2.184,3.8110000000000004,0.5429999999999999,1.272,0.12,0.12,4.254,4.254,13.267000000000001,3.589,0.615,6.957999999999999,2.262,1.071,9.911,0.731,1.962,0.613,2.9730000000000003,6.585,0.764,0.551,0.348,2.855,1.7890000000000001,1.885,3.14,0.247
1942,,2.9410000000000003,1.9769999999999999,0.524,7.735,1.113,1.7919999999999998,0.27899999999999997,2.151,3.2089999999999996,,0.478,8.057,3.5069999999999997,2.439,1.76,2.7969999999999997,2.546,0.8390000000000001,1.9980000000000002,4.37,5.5489999999999995,2.662,2.21,3.8289999999999997,0.518,1.239,0.13699999999999998,0.13699999999999998,4.297,4.297,13.002,3.569,0.583,6.968999999999999,2.215,1.107,9.704,0.748,2.0069999999999997,0.589,2.9389999999999996,6.711,0.851,0.575,0.34299999999999997,3.0380000000000003,1.901,1.831,3.053,0.251
1943,,2.9019999999999997,1.8430000000000002,0.6920000000000001,8.506,1.153,1.7919999999999998,0.282,2.451,3.245,,0.5,7.761,3.449,2.334,1.796,2.693,2.565,0.8059999999999999,2.089,4.257,5.405,2.577,2.28,3.705,0.485,1.2409999999999999,0.151,0.151,4.226,4.226,12.807,3.654,0.546,6.867999999999999,2.205,1.2209999999999999,9.443999999999999,0.76,1.9669999999999999,0.5870000000000001,2.972,7.0120000000000005,0.9,0.631,0.327,3.13,2.0269999999999997,1.7409999999999999,3.014,0.247
1944,,2.802,1.768,0.61,8.945,1.137,1.778,0.285,2.42,3.176,,0.529,7.718999999999999,3.44,2.301,1.7790000000000001,2.6310000000000002,2.508,0.8009999999999999,2.1180000000000003,4.192,5.4670000000000005,2.526,2.167,3.56,0.469,1.216,0.153,0.153,4.158,4.158,12.628,3.56,0.534,6.917999999999999,2.043,1.2329999999999999,9.214,0.795,1.943,0.565,2.8680000000000003,6.876,0.8809999999999999,0.605,0.314,3.248,2.092,1.706,2.98,0.242
1945,,2.775,1.7619999999999998,0.594,9.344,1.1159999999999999,1.7690000000000001,0.28600000000000003,2.465,3.1189999999999998,,0.507,7.601,3.427,2.3080000000000003,1.7309999999999999,2.597,2.4290000000000003,0.8,2.096,4.2010000000000005,5.475,2.537,2.09,3.516,0.47700000000000004,1.2109999999999999,0.149,0.149,4.1080000000000005,4.1080000000000005,12.495,3.533,0.546,6.916,2.028,1.25,9.142999999999999,0.7759999999999999,1.9340000000000002,0.579,2.878,6.8260000000000005,0.8759999999999999,0.591,0.315,3.193,2.206,1.7080000000000002,2.9610000000000003,0.239
1946,,2.911,1.797,0.616,9.559,1.203,1.906,0.299,2.44,3.242,,0.509,8.155,3.702,2.467,1.805,2.761,2.556,0.8320000000000001,2.214,4.494,5.874,2.734,2.064,3.7460000000000004,0.514,1.256,0.14300000000000002,0.14300000000000002,4.492,4.492,13.398,3.7060000000000004,0.57,7.5120000000000005,2.128,1.338,9.866,0.77,1.936,0.588,3.074,7.197,0.899,0.638,0.342,3.2119999999999997,2.2880000000000003,1.8259999999999998,3.167,0.254
1947,,2.9419999999999997,1.8359999999999999,0.653,9.832,1.237,1.9669999999999999,0.305,2.528,3.272,,0.522,8.341000000000001,3.779,2.509,1.8530000000000002,2.803,2.5789999999999997,0.8540000000000001,2.248,4.58,6.0760000000000005,2.7960000000000003,2.1069999999999998,3.845,0.531,1.265,0.149,0.149,4.618,4.618,13.982000000000001,3.7689999999999997,0.578,7.705,2.133,1.361,10.196,0.7759999999999999,1.992,0.601,3.1660000000000004,7.388,0.888,0.636,0.354,3.201,2.211,1.883,3.25,0.258
1948,,2.969,1.825,0.69,10.064,1.263,2.0140000000000002,0.312,2.5780000000000003,3.259,,0.551,8.552,3.877,2.543,1.892,2.8169999999999997,2.596,0.878,2.271,4.6739999999999995,6.212999999999999,2.8680000000000003,2.076,3.844,0.542,1.265,0.156,0.156,4.774,4.774,14.497,3.8369999999999997,0.58,7.876,2.089,1.405,10.287,0.787,1.996,0.612,3.216,7.626,0.84,0.653,0.359,3.207,2.255,1.899,3.3139999999999996,0.26899999999999996
1949,,3.0,1.844,0.7140000000000001,10.337,1.295,2.032,0.316,2.668,3.325,,0.57,8.67,3.958,2.5780000000000003,1.925,2.8489999999999998,2.634,0.903,2.329,4.7410000000000005,6.332000000000001,2.935,2.085,3.8819999999999997,0.569,1.3019999999999998,0.157,0.157,4.888999999999999,4.888999999999999,14.892000000000001,3.911,0.597,7.973,2.105,1.431,10.39,0.8009999999999999,2.029,0.631,3.236,7.622999999999999,0.807,0.6709999999999999,0.369,3.292,2.294,1.93,3.391,0.27699999999999997
1950,0.135,3.0580000000000003,1.9080000000000001,0.7559999999999999,10.677,1.325,2.016,0.321,2.81,3.458,0.498,0.59,8.738,3.967,2.625,1.916,2.9360000000000004,2.697,0.917,2.355,4.686,6.407,2.997,2.176,3.964,0.593,1.327,0.162,0.162,4.872,4.872,14.865,4.0680000000000005,0.619,7.98,2.229,1.5319999999999998,10.507,0.7859999999999999,2.113,0.655,3.315,7.776,0.8059999999999999,0.696,0.379,3.315,2.387,2.006,3.438,0.29
1951,0.158,3.0589999999999997,1.901,0.785,11.134,1.3259999999999998,2.028,0.331,2.98,3.531,0.514,0.589,8.79,4.096,2.617,1.95,2.9410000000000003,2.7689999999999997,0.9159999999999999,2.441,4.654,6.497000000000001,3.01,2.1630000000000003,4.015,0.596,1.3159999999999998,0.168,0.168,5.006,5.006,14.89,4.12,0.604,8.061,2.21,1.556,10.460999999999999,0.784,2.167,0.655,3.372,8.111,0.8079999999999999,0.706,0.37799999999999995,3.4339999999999997,2.424,1.984,3.4389999999999996,0.29100000000000004
1952,0.18899999999999997,3.068,1.838,0.8420000000000001,11.635,1.365,2.081,0.341,3.157,3.5839999999999996,0.517,0.5870000000000001,8.956,4.148,2.6260000000000003,1.9769999999999999,2.92,2.842,0.915,2.5,4.65,6.65,3.03,2.1519999999999997,3.972,0.602,1.311,0.18100000000000002,0.18100000000000002,5.125,5.125,15.192,4.109,0.608,8.275,2.219,1.5819999999999999,10.503,0.802,2.178,0.6509999999999999,3.352,8.314,0.805,0.7240000000000001,0.375,3.5039999999999996,2.448,1.9569999999999999,3.469,0.293
1953,0.205,3.053,1.78,0.894,12.251,1.431,2.168,0.35100000000000003,3.31,3.5580000000000003,0.51,0.596,9.065,4.1819999999999995,2.6289999999999996,1.994,2.903,2.866,0.9129999999999999,2.5669999999999997,4.806,6.822,3.05,2.105,4.02,0.616,1.318,0.195,0.195,5.229,5.229,15.527000000000001,4.12,0.609,8.591000000000001,2.182,1.601,10.662,0.815,2.181,0.648,3.319,8.336,0.81,0.7390000000000001,0.379,3.557,2.4659999999999997,1.929,3.5060000000000002,0.29
1954,0.215,3.014,1.734,0.9329999999999999,12.745999999999999,1.493,2.249,0.368,3.505,3.602,0.505,0.6,9.252,4.263999999999999,2.6260000000000003,2.042,2.9019999999999997,2.883,0.927,2.685,4.91,7.066,3.113,2.064,4.066,0.624,1.34,0.213,0.213,5.36,5.36,15.814,4.131,0.611,8.873,2.209,1.626,10.817,0.816,2.176,0.655,3.359,8.382,0.7909999999999999,0.75,0.377,3.555,2.516,1.905,3.608,0.293
1955,0.222,3.05,1.725,0.987,13.133,1.546,2.3,0.389,3.747,3.636,0.539,0.618,9.435,4.363,2.679,2.093,2.91,2.946,0.934,2.742,4.882,7.285,3.1719999999999997,2.06,4.1339999999999995,0.636,1.374,0.237,0.237,5.502000000000001,5.502000000000001,15.966,4.242,0.615,9.017000000000001,2.25,1.659,10.939,0.823,2.2,0.6629999999999999,3.415,8.66,0.785,0.7829999999999999,0.375,3.588,2.6039999999999996,1.88,3.679,0.307
1956,0.22399999999999998,3.071,1.704,1.053,13.713,1.625,2.316,0.408,4.047,3.701,0.5589999999999999,0.628,9.53,4.458,2.7030000000000003,2.119,2.898,3.032,0.938,2.8110000000000004,4.891,7.4670000000000005,3.24,2.086,4.163,0.6559999999999999,1.3969999999999998,0.25,0.25,5.615,5.615,16.112000000000002,4.309,0.613,9.207,2.273,1.6980000000000002,10.972000000000001,0.84,2.229,0.67,3.415,8.83,0.759,0.809,0.377,3.722,2.668,1.857,3.742,0.312
1957,0.231,3.109,1.733,1.125,14.264000000000001,1.6640000000000001,2.359,0.426,4.372,3.766,0.584,0.642,9.668,4.529,2.716,2.128,2.928,3.115,0.943,2.873,4.928999999999999,7.569,3.2739999999999996,2.088,4.189,0.667,1.3940000000000001,0.26,0.26,5.737,5.737,16.374000000000002,4.368,0.612,9.41,2.282,1.712,10.954,0.851,2.274,0.6659999999999999,3.4339999999999997,9.07,0.763,0.826,0.376,3.844,2.7239999999999998,1.8430000000000002,3.7910000000000004,0.314
1958,0.22399999999999998,3.1630000000000003,1.726,1.193,14.88,1.6669999999999998,2.4459999999999997,0.433,4.63,3.804,0.605,0.6459999999999999,9.886000000000001,4.583,2.708,2.142,2.9610000000000003,3.155,0.9440000000000001,2.9819999999999998,5.01,7.667000000000001,3.313,2.086,4.186,0.6659999999999999,1.383,0.26899999999999996,0.26899999999999996,5.89,5.89,16.601,4.376,0.606,9.599,2.267,1.7180000000000002,11.058,0.858,2.3040000000000003,0.6559999999999999,3.471,9.252,0.757,0.845,0.38,3.9139999999999997,2.773,1.845,3.843,0.315
1959,0.22399999999999998,3.2039999999999997,1.756,1.261,15.467,1.71,2.523,0.441,4.808,3.8680000000000003,0.622,0.657,9.986,4.613,2.7289999999999996,2.16,2.9989999999999997,3.208,0.9570000000000001,3.0660000000000003,5.117,7.767,3.366,2.138,4.258,0.669,1.3969999999999998,0.27899999999999997,0.27899999999999997,6.015,6.015,16.685,4.458,0.618,9.671,2.289,1.746,11.234000000000002,0.857,2.3480000000000003,0.667,3.522,9.405,0.7609999999999999,0.87,0.387,3.951,2.821,1.855,3.891,0.32
1960,0.22899999999999998,3.2739999999999996,1.7890000000000001,1.321,15.87,1.7690000000000001,2.544,0.449,5.004,3.9560000000000004,0.642,0.6709999999999999,10.086,4.6739999999999995,2.7560000000000002,2.1830000000000003,3.0410000000000004,3.26,0.975,3.113,5.16,7.834,3.425,2.182,4.3260000000000005,0.679,1.4169999999999998,0.29100000000000004,0.29100000000000004,6.103,6.103,16.838,4.573,0.634,9.734,2.336,1.7719999999999998,11.329,0.855,2.392,0.6829999999999999,3.575,9.624,0.765,0.9,0.389,3.986,2.855,1.8530000000000002,3.9619999999999997,0.331
1961,0.23800000000000002,3.3160000000000003,1.806,1.4069999999999998,16.497,1.844,2.5860000000000003,0.461,5.242999999999999,4.015,0.659,0.684,10.13,4.73,2.7560000000000002,2.215,3.054,3.287,0.995,3.176,5.218999999999999,7.893,3.47,2.206,4.349,0.696,1.446,0.315,0.315,6.265,6.265,17.061,4.663,0.6409999999999999,9.854,2.38,1.787,11.392000000000001,0.858,2.4090000000000003,0.693,3.622,9.82,0.778,0.9359999999999999,0.39,4.095,2.8819999999999997,1.828,4.0089999999999995,0.337
1962,0.24600000000000002,3.323,1.8530000000000002,1.4709999999999999,17.072,1.899,2.647,0.469,5.457999999999999,4.086,0.684,0.6920000000000001,10.28,4.736000000000001,2.75,2.231,3.0789999999999997,3.345,0.9940000000000001,3.263,5.263,7.933,3.513,2.2430000000000003,4.357,0.698,1.464,0.35200000000000004,0.35200000000000004,6.376,6.376,17.301,4.707,0.637,9.929,2.427,1.818,11.355,0.871,2.423,0.705,3.673,10.052999999999999,0.7879999999999999,0.958,0.39299999999999996,4.18,2.9419999999999997,1.8090000000000002,4.0489999999999995,0.33299999999999996
1963,0.256,3.358,1.875,1.521,17.668,1.936,2.727,0.483,5.627999999999999,4.172,0.682,0.6829999999999999,10.402000000000001,4.7989999999999995,2.747,2.217,3.096,3.377,0.993,3.386,5.343999999999999,8.058,3.531,2.244,4.3919999999999995,0.703,1.476,0.397,0.397,6.531000000000001,6.531000000000001,17.461,4.742,0.644,9.986,2.439,1.8530000000000002,11.424000000000001,0.8759999999999999,2.46,0.708,3.718,10.158999999999999,0.7979999999999999,0.9740000000000001,0.397,4.276,2.955,1.796,4.112,0.336
1964,0.263,3.395,1.8969999999999998,1.556,18.151,1.97,2.798,0.49700000000000005,5.781000000000001,4.258,0.7,0.68,10.58,4.856,2.7460000000000004,2.209,3.1289999999999996,3.446,0.993,3.492,5.4479999999999995,8.187000000000001,3.5580000000000003,2.241,4.442,0.706,1.482,0.426,0.426,6.66,6.66,17.589000000000002,4.802,0.649,10.08,2.4459999999999997,1.8880000000000001,11.519,0.885,2.475,0.701,3.7710000000000004,10.27,0.7979999999999999,0.978,0.39899999999999997,4.357,2.9610000000000003,1.797,4.165,0.33899999999999997
1965,0.271,3.443,1.8940000000000001,1.584,18.585,1.985,2.8569999999999998,0.507,5.954,4.332,0.7040000000000001,0.6859999999999999,10.693,4.922,2.742,2.206,3.14,3.4960000000000004,0.997,3.6,5.502000000000001,8.357000000000001,3.592,2.246,4.467,0.706,1.4709999999999999,0.444,0.444,6.767,6.767,17.734,4.863,0.649,10.201,2.44,1.9369999999999998,11.62,0.893,2.494,0.6920000000000001,3.798,10.378,0.797,0.9940000000000001,0.40399999999999997,4.4110000000000005,2.967,1.786,4.232,0.332
1966,0.271,3.464,1.899,1.614,18.858,2.0069999999999997,2.903,0.516,6.104,4.379,0.71,0.6890000000000001,10.835999999999999,4.999,2.762,2.2,3.147,3.55,0.9990000000000001,3.695,5.535,8.512,3.617,2.245,4.523,0.7070000000000001,1.456,0.446,0.446,6.851,6.851,17.843,4.896,0.647,10.33,2.454,1.969,11.664000000000001,0.899,2.52,0.6829999999999999,3.822,10.492,0.7909999999999999,1.0090000000000001,0.413,4.456,3.057,1.775,4.274,0.32299999999999995
1967,0.278,3.458,1.901,1.646,19.176,2.053,2.935,0.525,6.242000000000001,4.408,0.723,0.688,10.947000000000001,5.053,2.793,2.197,3.1719999999999997,3.5810000000000004,1.004,3.7569999999999997,5.593999999999999,8.63,3.659,2.228,4.539,0.701,1.4569999999999999,0.449,0.449,6.928,6.928,17.935,4.952,0.626,10.414000000000001,2.489,1.979,11.681,0.909,2.533,0.6709999999999999,3.859,10.599,0.7909999999999999,1.0190000000000001,0.423,4.508,3.174,1.7690000000000001,4.303,0.322
1968,0.285,3.446,1.902,1.682,19.394000000000002,2.12,2.964,0.534,6.433,4.482,0.7340000000000001,0.695,10.995,5.093,2.803,2.2159999999999997,3.195,3.603,0.9940000000000001,3.815,5.617999999999999,8.696,3.7030000000000003,2.219,4.5680000000000005,0.7,1.4669999999999999,0.46399999999999997,0.46399999999999997,7.005,7.005,18.051,5.004,0.621,10.515999999999998,2.503,2.004,11.741,0.922,2.559,0.669,3.878,10.819,0.778,1.0290000000000001,0.43,4.558,3.27,1.7630000000000001,4.345,0.324
1969,0.29600000000000004,3.44,1.913,1.7369999999999999,19.711,2.166,3.0,0.54,6.641,4.551,0.75,0.7070000000000001,11.039000000000001,5.143,2.805,2.2359999999999998,3.198,3.6189999999999998,0.992,3.8680000000000003,5.65,8.781,3.758,2.22,4.64,0.6940000000000001,1.474,0.48,0.48,7.095,7.095,18.105,5.031000000000001,0.621,10.562999999999999,2.535,2.062,11.741,0.932,2.57,0.6679999999999999,3.897,11.045,0.762,1.047,0.43700000000000006,4.614,3.343,1.746,4.378,0.32899999999999996
1970,0.302583,3.444354,1.923322,1.7753990000000002,19.971069,2.209596,3.0322169999999997,0.548104,6.791417999999999,4.58793,0.769913,0.713015,11.110285000000001,5.195392,2.825368,2.249071,3.220711,3.644637,0.9937219999999999,3.923897,5.68917,8.881825999999998,3.806103,2.2169939999999997,4.6776230000000005,0.6944089999999999,1.4853329999999998,0.4887380000000001,0.4887380000000001,7.171111999999999,7.171111999999999,18.241391,5.084411,0.6177919999999999,10.657423,2.559463,2.091533,11.800766,0.949723,2.590713,0.666257,3.926018,11.198655,0.756668,1.059273,0.444732,4.651448,3.413244,1.7442369999999998,4.417821,0.332416
1971,0.31551,3.4970759999999994,1.9723119999999998,1.895814,20.345939,2.3035240000000003,3.060938,0.5647080000000001,7.158303999999999,4.71155,0.8016439999999999,0.738753,11.202397,5.253396,2.851705,2.2466,3.298053,3.710487,1.01539,4.018324,5.73758,8.974186,3.853486,2.265432,4.725764,0.7108140000000001,1.504604,0.520018,0.520018,7.281106999999999,7.281106999999999,18.357982,5.203531,0.62676,10.734817999999999,2.618601,2.151022,11.8864,0.963107,2.6622689999999998,0.671297,4.0136080000000005,11.509848,0.749781,1.101192,0.4543180000000001,4.750838,3.447553,1.770657,4.462155,0.340285
1972,0.324464,3.5394,2.018638,2.0082910000000003,20.585469,2.4046190000000003,3.068699,0.572913,7.511463000000001,4.8094899999999985,0.8283309999999999,0.7632369999999999,11.251947999999999,5.302435,2.8602870000000005,2.256375,3.335728,3.761646,1.034292,4.073499,5.7603019999999985,9.028944000000001,3.869747,2.3071170000000003,4.758780000000001,0.7187319999999999,1.519013,0.5467890000000001,0.5467890000000001,7.335042,7.335042,18.3394,5.30115,0.631119,10.746993,2.658646,2.1972970000000003,11.908233,0.97479,2.7191970000000003,0.6772339999999999,4.0946110000000004,11.759148,0.7422410000000002,1.135449,0.463143,4.824472,3.4478850000000003,1.797648,4.5024120000000005,0.34734499999999996
1973,0.33054300000000003,3.5797800000000004,2.059256,2.124438,20.868728,2.495868,3.0678140000000003,0.577759,7.913696000000001,4.910374,0.8515950000000001,0.7820739999999999,11.251367,5.338276999999999,2.863715,2.265603,3.371024,3.788375,1.045655,4.097974,5.781172,9.077956,3.889332000000001,2.349546,4.7826450000000005,0.7267979999999999,1.529567,0.568991,0.568991,7.333083,7.333083,18.177063,5.3898519999999985,0.632675,10.767314,2.6959309999999994,2.2419320000000003,11.890527,0.975738,2.776605,0.6787150000000001,4.147401,12.019542999999999,0.731488,1.17004,0.46843,4.9012920000000015,3.4787820000000003,1.8063599999999997,4.524244,0.354061
1974,0.3410630000000001,3.626499,2.101403,2.223196,21.173865000000006,2.5414060000000003,3.074047,0.581418,8.298761999999998,4.9994190000000005,0.867978,0.80799,11.262145,5.361890000000002,2.8675300000000004,2.269499,3.416315,3.820109,1.05904,4.118815000000001,5.773548000000001,9.117507000000002,3.903925,2.378268,4.79593,0.7364189999999999,1.539191,0.5968220000000001,0.5968220000000001,7.332411,7.332411,18.049775,5.470911,0.634559,10.765758999999996,2.734768,2.285013,11.870883999999998,0.950615,2.844749,0.679585,4.213508999999999,12.268629,0.717947,1.2004709999999998,0.47300200000000003,4.971069000000001,3.549946,1.815447,4.545782,0.365501
1975,0.37617,3.678814000000001,2.159526,2.284847,21.537849,2.586192,3.0825,0.586589,8.518422,5.064075,0.8861600000000001,0.831982,11.291742999999999,5.365766000000001,2.880847,2.280578,3.467769,3.886104,1.0719949999999998,4.1390959999999986,5.757756,9.117668,3.932515,2.399449,4.808308,0.7482080000000001,1.5431170000000003,0.6199720000000001,0.6199720000000001,7.337764999999999,7.337764999999999,18.003485,5.547187999999999,0.638886,10.770425,2.774683,2.329661,11.906095,0.942788,2.902028,0.6810419999999999,4.275566,12.568843,0.7068710000000001,1.23603,0.479713,5.047395000000002,3.621339,1.84225,4.5789860000000004,0.381695
1976,0.400969,3.7351389999999998,2.170161,2.3461570000000003,21.935909,2.632306,3.083335,0.590166,8.667378999999999,5.132812,0.904191,0.8569829999999999,11.342853000000002,5.389088000000001,2.9030820000000004,2.3010010000000003,3.529257,3.9506050000000004,1.0884120000000002,4.150539000000001,5.743671999999999,9.129205,3.9646800000000004,2.4297560000000002,4.839029,0.757317,1.5509110000000002,0.6469750000000001,0.6469750000000001,7.339745,7.339745,17.940541,5.607964,0.6457970000000001,10.752661999999999,2.8268150000000003,2.3782620000000003,11.897378,0.946089,2.943657,0.68639,4.346928,12.904089,0.692295,1.274928,0.4849280000000001,5.121862999999999,3.69361,1.879503,4.595904000000001,0.396952
1977,0.403436,3.780403,2.2090099999999997,2.4251970000000003,22.352396,2.69614,3.085722,0.591829,8.856183000000003,5.219697,0.918259,0.8834690000000001,11.386316,5.425638000000001,2.913573,2.320647,3.573693,4.0144589999999996,1.1035780000000002,4.169594999999999,5.738199000000002,9.17111,3.989364,2.4592009999999997,4.863173000000001,0.769953,1.556842,0.6783330000000001,0.6783330000000001,7.337169,7.337169,17.812602,5.685607,0.6497689999999999,10.771394,2.8700140000000003,2.446673,11.893591,0.9502299999999999,2.991681,0.68848,4.422921,13.19305,0.6772279999999999,1.3195120000000002,0.49193100000000006,5.193112,3.77605,1.908088,4.626514,0.4133540000000001
1978,0.404766,3.831836,2.243127,2.5153160000000003,22.835958,2.7667479999999998,3.091627,0.594776,9.102032000000001,5.295751,0.931584,0.91069,11.412561000000002,5.470214,2.9180690000000005,2.3356570000000003,3.609976,4.0685790000000015,1.113566,4.183603,5.7364690000000005,9.217761,4.015341,2.4878160000000005,4.889399,0.782317,1.563884,0.7194360000000001,0.7194360000000001,7.350803999999999,7.350803999999999,17.680589,5.759491999999999,0.6513009999999999,10.795581,2.917336,2.518298,11.879396,0.951816,3.044364,0.6885800000000001,4.486314,13.500429,0.6650520000000001,1.36751,0.498109,5.2702399999999985,3.8890730000000002,1.923395,4.646108,0.43288000000000004
1979,0.402753,3.866248,2.2713330000000003,2.635571,23.25688,2.8492340000000005,3.095917,0.5949840000000001,9.426159,5.401383999999999,0.953306,0.9326270000000001,11.396837,5.501174,2.915739,2.350906,3.641804,4.137665,1.1225630000000002,4.19116,5.738404,9.266268,4.0503160000000005,2.507069,4.9124300000000005,0.7873049999999999,1.567344,0.7653669999999999,0.7653669999999999,7.366511999999998,7.366511999999998,17.583838,5.823491000000001,0.6528959999999999,10.798297999999999,2.97531,2.588012,11.887975,0.950382,3.0902670000000003,0.688335,4.560473,13.888371,0.6500159999999999,1.420238,0.5053719999999999,5.307945,4.017632,1.942146,4.682811,0.4543780000000001
1980,0.40531500000000004,3.900368,2.288738,2.7377740000000004,23.8008,2.908803,3.1131740000000003,0.594919,9.839835,5.486174,0.96771,0.947983,11.434702,5.490721,2.914018,2.369039,3.664221,4.223101,1.12686,4.227643,5.7460749999999985,9.255553,4.0850170000000015,2.5253419999999998,4.9219659999999985,0.7887519999999999,1.572296,0.810215,0.810215,7.37633,7.37633,17.566754,5.89898,0.6543800000000001,10.80065,3.0407580000000003,2.641218,11.868305,0.948773,3.134502,0.6908510000000001,4.600251999999999,14.338207999999998,0.638284,1.472595,0.512524,5.368334,4.154678,1.9513490000000002,4.712045,0.474185
1981,0.418491,3.918531,2.293201,2.810107,24.285933,2.977898,3.128836,0.595975,10.192774,5.568345,0.978195,0.9622040000000001,11.443458,5.480435000000001,2.907983,2.384849,3.670394,4.283303,1.1330330000000002,4.2619050000000005,5.7686850000000005,9.209287,4.111728,2.539036,4.932064,0.7953279999999999,1.578515,0.8476549999999999,0.8476549999999999,7.4074719999999985,7.4074719999999985,17.567733999999998,5.956653,0.659505,10.78833,3.0961640000000004,2.667982,11.858567,0.9530129999999999,3.179255,0.689584,4.6276579999999985,14.746317999999999,0.636893,1.515471,0.515594,5.444097,4.235731,1.9541240000000002,4.726343,0.491712
1982,0.44960600000000006,3.925266,2.294257,2.8898610000000002,24.820009,3.0615639999999997,3.1390130000000003,0.5991479999999999,10.471407000000001,5.649792,0.9937799999999999,0.973721,11.423411999999999,5.467922,2.888189,2.401202,3.683445,4.352608,1.136684,4.2829229999999985,5.771222,9.115198,4.13145,2.556777,4.929451,0.8039860000000001,1.58178,0.8815369999999999,0.8815369999999999,7.430968000000001,7.430968000000001,17.589738,6.019101,0.668972,10.757087,3.206123,2.664922,11.845146000000002,0.9541700000000001,3.207614,0.690597,4.646041,15.331415000000002,0.634174,1.5583139999999998,0.519109,5.492783,4.276552,1.949604,4.72887,0.5064
1983,0.488417,3.9341019999999998,2.305761,2.968925,25.360026,3.13363,3.162354,0.6054579999999999,10.749851,5.72825,1.012717,0.981869,11.408818000000002,5.450394999999999,2.870543,2.415531,3.694484000000001,4.395316,1.144772,4.313326999999999,5.799407,9.047754,4.141456,2.567717,4.943733,0.8140310000000001,1.584293,0.901977,0.901977,7.467785000000001,7.467785000000001,17.686905,6.077056,0.676688,10.737632000000001,3.290402,2.653066,11.837723,0.956382,3.234066,0.6930080000000001,4.659749,15.751676000000002,0.632433,1.594943,0.523302,5.564657,4.300266000000001,1.945061,4.721438,0.5103449999999999
1984,0.513702,3.9518199999999997,2.319768,3.0671350000000004,25.844393,3.1699919999999997,3.1800140000000003,0.6115649999999999,11.039924999999998,5.8349540000000015,1.027922,0.990839,11.412132000000001,5.458321999999999,2.858618,2.4240860000000004,3.695453,4.400477,1.155635,4.365243,5.840773,9.049452,4.157706,2.578051,4.975278,0.8209049999999999,1.588639,0.9249219999999999,0.9249219999999999,7.515473000000001,7.515473000000001,17.745683999999994,6.164006,0.6804969999999999,10.737746,3.285533,2.666588,11.815172,0.961894,3.271868,0.6972489999999999,4.686737,16.007085999999997,0.633382,1.6223420000000002,0.52666,5.64387,4.343656,1.927697,4.735563,0.504896
1985,0.5324949999999999,3.9725230000000002,2.3270459999999997,3.183538,26.441109,3.208723,3.201131,0.6182799999999999,11.351118,5.962661,1.039698,0.994051,11.399806,5.459210999999999,2.8296840000000003,2.4274050000000003,3.694826,4.408117999999999,1.1629360000000002,4.413071,5.880733,9.076293,4.184302,2.588102,5.000268,0.82232,1.5846639999999999,0.95103,0.95103,7.565528,7.565528,17.791672,6.253954,0.67698,10.734926000000002,3.271332,2.672652,11.770862,0.9689549999999999,3.3032090000000003,0.6984020000000001,4.715296,16.272734,0.634549,1.6429099999999999,0.5300349999999999,5.715153,4.400098000000001,1.906831,4.747767,0.499695
1986,0.544268,3.9915690000000006,2.331984,3.3082620000000005,27.102237,3.23745,3.2237400000000003,0.627559,11.667504999999998,6.084666,1.051762,0.990224,11.387257,5.454108,2.79197,2.4326190000000003,3.6878089999999997,4.406919,1.170126,4.486957,5.902678000000001,9.127775,4.205212,2.5935970000000004,5.023068,0.8137389999999999,1.5743329999999998,0.980613,0.980613,7.622159000000001,7.622159000000001,17.833419,6.3215780000000015,0.669512,10.730267999999999,3.252735,2.683528,11.782752,0.977341,3.3427580000000003,0.696034,4.738708,16.561113000000002,0.638269,1.662834,0.534066,5.8117,4.452719999999999,1.88235,4.755617999999999,0.4956330000000001
1987,0.5393089999999999,4.015264,2.342355,3.437103,27.777158,3.26048,3.247291,0.636947,11.997283,6.208467,1.067918,0.9849969999999999,11.391178,5.473012000000001,2.767011,2.4453669999999996,3.683329,4.3441480000000015,1.1845739999999998,4.565557,5.9352040000000015,9.187481,4.235136,2.588545,5.056696,0.805063,1.566547,1.023376,1.023376,7.670741999999999,7.670741999999999,17.868848000000003,6.4037,0.6611360000000001,10.76009,3.210122,2.700991,11.810866000000004,0.989604,3.3805059999999996,0.6960360000000001,4.782927,16.621791,0.63693,1.678119,0.5402669999999999,5.932268,4.531901,1.8575849999999998,4.777919,0.476965
1988,0.5419830000000001,4.023844,2.3426560000000003,3.535183,28.464249,3.262281,3.271953,0.6476219999999999,12.306395,6.316142,1.079828,0.985664,11.390183,5.4917349999999985,2.7683880000000003,2.461996,3.679999000000001,4.288863,1.20384,4.657904,5.979982,9.217998,4.296166,2.5803520000000004,5.081736,0.8002020000000001,1.571477,1.075022,1.075022,7.712333,7.712333,17.941308999999997,6.480594,0.655331,10.798552,3.167057,2.7412970000000003,11.845752,0.996408,3.412096,0.6981649999999999,4.822437,16.667022,0.630432,1.689372,0.549763,6.0369090000000005,4.639893,1.8302150000000001,4.822388,0.46510100000000004
1989,0.5471590000000001,4.030222,2.3463579999999995,3.622185,29.218164,3.275818,3.283403,0.658273,12.637715,6.411099,1.094588,0.994416,11.409782,5.5236930000000015,2.7705919999999997,2.472849,3.677306,4.252894,1.219961,4.727301000000001,6.015478,9.253295,4.338057,2.574269,5.09583,0.7996360000000001,1.574864,1.137382,1.137382,7.726089,7.726089,17.983086,6.565459,0.646351,10.829216999999998,3.150307,2.790575,11.865996,1.000666,3.456775,0.696701,4.854444,16.806735,0.6241680000000001,1.705864,0.557707,6.120246,4.746316,1.806568,4.856574,0.458374
1990,0.5531200000000001,4.048508,2.354343,3.679056,29.950111,3.303862,3.2890559999999995,0.669063,13.018365,6.506531,1.112703,1.011882,11.446979,5.555097,2.7797690000000004,2.480683,3.6925839999999996,4.2191790000000005,1.231296,4.797431,6.018664,9.310462,4.387282999999999,2.577426,5.12637,0.799824,1.5806639999999998,1.2186290000000002,1.2186290000000002,7.757158,7.757158,18.002855,6.656986999999999,0.637364,10.861837,3.147105,2.858547,11.895604,1.004649,3.4990639999999997,0.6966669999999999,4.890626,17.044714000000003,0.6038140000000001,1.7297220000000002,0.564526,6.213526,4.90078,1.7924810000000002,4.902265000000001,0.453401
1991,0.5692729999999999,4.091025,2.3706660000000004,3.762394,30.414114,3.3675669999999998,3.28864,0.680495,13.289497,6.6212789999999995,1.131412,1.038915,11.535973,5.602062,2.791227,2.495209,3.714686,4.24095,1.235439,4.8561760000000005,5.998651999999999,9.395022,4.427429,2.59123,5.157769999999999,0.807837,1.590805,1.285046,1.285046,7.784269,7.784269,18.029532,6.748135,0.6341990000000001,10.933683,3.166471,2.918745,11.94316,1.00399,3.55947,0.7014450000000001,4.946885999999999,17.339903999999994,0.5932390000000001,1.771941,0.567141,6.283853,5.0134430000000005,1.798212,4.952675,0.457739
1992,0.587073,4.1392690000000005,2.394098,3.8673330000000004,30.87592,3.459995,3.2749970000000004,0.6901579999999999,13.504775,6.759474000000001,1.1499260000000002,1.06649,11.635197,5.648649000000002,2.806923,2.526042,3.756358,4.270849,1.2357479999999998,4.902545,5.993474,9.470322999999999,4.4715029999999985,2.610193,5.1936860000000005,0.8224360000000001,1.602406,1.330694,1.330694,7.82777,7.82777,18.082032,6.83185,0.6354270000000001,11.007609,3.2041740000000005,2.9739340000000003,11.980819,1.0005709999999999,3.600576,0.7086979999999999,5.013999,17.650479,0.584183,1.821498,0.5701149999999999,6.3833150000000005,5.139010999999999,1.805462,5.004636,0.463491
1993,0.5969930000000001,4.1931140000000005,2.423743,3.99339,31.147208000000003,3.5608839999999997,3.272325,0.6994750000000001,13.713593,6.894092,1.161508,1.1012039999999998,11.725984,5.701965,2.820525,2.547605,3.7922879999999997,4.284749,1.238256,4.9425040000000005,6.010884,9.52924,4.521709,2.635574,5.237757,0.8398760000000001,1.6121489999999998,1.380197,1.380197,7.874891000000001,7.874891000000001,18.140894,6.947411999999999,0.637229,11.070385,3.228829,3.0344900000000004,12.022128,0.9978520000000001,3.634507,0.7162580000000001,5.085666000000001,17.996764000000002,0.576358,1.875993,0.5740040000000001,6.4647950000000005,5.2477040000000015,1.816179,5.0553180000000015,0.469033
1994,0.6006239999999999,4.232965,2.450605,4.1475610000000005,31.317179,3.65391,3.268346,0.7084159999999999,13.961798000000002,7.0459,1.1739030000000001,1.1354589999999998,11.804986,5.7456260000000015,2.829422,2.569118,3.823215,4.3065,1.237687,4.985411,6.031352,9.584481,4.566028,2.66345,5.281206,0.854923,1.6215510000000002,1.456388,1.456388,7.918795999999999,7.918795999999999,18.156652,7.060959,0.6397619999999999,11.111450999999999,3.2461189999999998,3.0871420000000005,12.042545,0.9934120000000001,3.666456,0.723038,5.163016000000001,18.338319,0.564982,1.930436,0.5789,6.536771,5.334896,1.8184900000000002,5.095504,0.474982
1995,0.601345,4.262731,2.480121,4.306907999999999,31.493525,3.738061,3.2652930000000002,0.7182649999999999,14.185402999999999,7.188538,1.18049,1.165,11.884935,5.791819,2.8408599999999997,2.5869419999999996,3.8552480000000005,4.327978,1.2374379999999998,5.02365,6.062335,9.659871,4.605445,2.690788,5.32461,0.8685219999999999,1.635142,1.525777,1.525777,7.965522999999999,7.965522999999999,18.150928,7.185403,0.641548,11.155493,3.265547,3.141421,12.04478,0.989203,3.699943,0.7282510000000001,5.241168,18.679706000000003,0.5512729999999999,1.976774,0.5828270000000001,6.601392,5.431024000000002,1.82056,5.137004,0.478447
1996,0.6049180000000001,4.2904029999999995,2.504858,4.432308,31.780829,3.8127160000000004,3.26703,0.72709,14.426910999999999,7.332225,1.184434,1.1877060000000002,11.953003,5.834908,2.848473,2.598266,3.8810510000000003,4.338763,1.2414360000000002,5.057142,6.085393,9.739184000000002,4.647723,2.709925,5.3678880000000015,0.8766560000000001,1.647657,1.596476,1.596476,8.009624,8.009624,18.143805,7.307658,0.642858,11.187032,3.2896339999999995,3.195087,12.038008,0.987858,3.738974,0.730699,5.313576,19.00624,0.538273,2.022253,0.5863520000000001,6.665491,5.509963000000001,1.8189830000000002,5.1738279999999985,0.48008500000000004
1997,0.608846,4.320281,2.524007,4.552207,32.217708,3.891293,3.268514,0.7350239999999999,14.68335,7.486094,1.189322,1.210638,12.011508999999998,5.87237,2.854396,2.616339,3.9078160000000004,4.35139,1.245215,5.092914,6.115475999999999,9.78545,4.6877260000000005,2.7318259999999994,5.407113000000002,0.878706,1.6560420000000002,1.6755810000000002,1.6755810000000002,8.054178,8.054178,18.143184,7.428672,0.6409450000000001,11.212498,3.314259,3.2432540000000003,12.015888,0.986966,3.7900660000000004,0.730855,5.378433000000001,19.355427,0.528752,2.065397,0.588665,6.7328779999999995,5.604105000000001,1.8155880000000002,5.200234999999998,0.48003100000000004
1998,0.615205,4.351037,2.538202,4.6672769999999995,32.682794,3.9689669999999997,3.272563,0.744066,14.90823,7.636522,1.190472,1.230923,12.069774,5.907616999999999,2.861025,2.638667,3.93431,4.362758,1.2475539999999998,5.130072,6.144406999999998,9.820231,4.726411,2.7513349999999996,5.437562000000001,0.879533,1.660772,1.743772,1.743772,8.095542,8.095542,18.159175,7.545828,0.637808,11.237752,3.3394779999999997,3.282055,12.002329,0.987704,3.839578,0.730789,5.432679,19.712389,0.5214260000000001,2.100562,0.5905790000000001,6.789225,5.6878319999999984,1.8116880000000002,5.222124,0.480045
1999,0.6195,4.369862,2.551373,4.778332000000002,33.145121,4.056133,3.282031,0.753538,15.111244000000001,7.788239999999999,1.185497,1.2517,12.12837,5.942901,2.869413,2.654052,3.960825,4.372035,1.25304,5.171634,6.175169,9.863775,4.7755079999999985,2.7686189999999997,5.468338000000001,0.8827790000000001,1.6660279999999998,1.8092529999999998,1.8092529999999998,8.143412,8.143412,18.196601,7.650789,0.633666,11.256654,3.3580440000000005,3.3161540000000005,11.994016000000002,0.990819,3.885736,0.733133,5.483535,20.044141,0.519,2.129836,0.5937399999999999,6.872912,5.756361,1.806928,5.250446,0.47960200000000003
2000,0.627963,4.452173,2.6785879999999995,5.160586,33.987977,4.326921,3.411777,0.7863730000000001,16.047515,8.227303,1.213519,1.2994299999999999,12.434161,6.0918660000000004,2.929067,2.693681,4.049021,4.471884999999999,1.277072,5.311033999999999,6.361104,9.95245,4.933692,2.848353,5.607285,0.9037729999999999,1.7138200000000001,2.018741,2.018741,8.430620999999999,8.430620999999999,19.00178,8.081614,0.642023,11.363543,3.454365,3.429708,12.284173,1.050268,4.024223,0.755844,5.703719,20.944499,0.5720459999999999,2.244502,0.6096180000000001,7.105816999999999,5.910512000000001,1.807021,5.373999,0.4943
2001,0.6337140000000001,4.467633999999999,2.691571,5.273477,34.479458,4.425687,3.432835,0.7956989999999999,16.356966,8.377038,1.225948,1.3199620000000003,12.488445,6.127759999999999,2.9319970000000004,2.7021620000000004,4.068132,4.477875,1.285692,5.3746909999999986,6.397634,9.99112,4.982796,2.8529940000000003,5.6411419999999985,0.906961,1.7198360000000001,2.098399,2.098399,8.492671000000001,8.492671000000001,19.082838,8.210122,0.639062,11.387403999999998,3.4671,3.467937,12.29897,1.057142,4.064995,0.757972,5.750789000000001,21.319622000000006,0.574504,2.283715,0.6122230000000001,7.198362,5.985722,1.801481,5.406835,0.494657
2002,0.6423369999999999,4.480089,2.705927,5.396255,34.871843,4.490406,3.4587489999999996,0.8061689999999999,16.68937,8.508256,1.2396129999999999,1.340372,12.525556,6.155967,2.9342340000000005,2.713535,4.089875,4.497267,1.29596,5.440389,6.417206,10.01571,5.018935000000001,2.8586810000000002,5.674825,0.911667,1.7282920000000002,2.173791,2.173791,8.552643,8.552643,19.1378,8.326201,0.6381680000000001,11.407889,3.4890800000000004,3.5134240000000005,12.331031,1.0659949999999998,4.107794999999999,0.76002,5.795918,21.690325,0.5731580000000001,2.324815,0.615442,7.286873000000001,6.0523489999999995,1.8054139999999999,5.445161999999999,0.500017
2003,0.6484139999999999,4.503491,2.724816,5.510364000000001,35.253159000000004,4.528732,3.484336,0.8180029999999999,17.004085,8.622793,1.251154,1.36338,12.556006000000002,6.196638000000001,2.941999,2.7230040000000004,4.11717,4.521042,1.3065129999999998,5.496269,6.4225650000000005,10.041152,5.053572,2.868312,5.709403,0.91963,1.7386429999999995,2.24885,2.24885,8.601402,8.601402,19.175939,8.422500999999999,0.638817,11.434788,3.5048920000000003,3.5473760000000003,12.374658000000002,1.0713419999999998,4.150297,0.7637289999999999,5.847812,22.030931,0.5685020000000001,2.3601370000000004,0.617858,7.3669769999999986,6.104115,1.812295,5.479203,0.5034529999999999
2004,0.6592859999999999,4.530729,2.749686,5.6524040000000015,35.574576,4.575012999999999,3.4960940000000003,0.8308030000000001,17.415318,8.769252,1.273569,1.3918020000000002,12.589773,6.233007,2.953635,2.734373,4.146101,4.552238,1.313688,5.5469349999999995,6.412281,10.055315,5.087713,2.8890100000000003,5.747741,0.930009,1.74937,2.346222,2.346222,8.634561,8.634561,19.171567,8.553152,0.6447050000000001,11.452250999999999,3.525233,3.569463,12.410722,1.0745790000000002,4.210920999999999,0.7703960000000001,5.9108089999999995,22.394023,0.567754,2.40158,0.6199199999999999,7.475575,6.1786449999999995,1.816438,5.5140259999999985,0.5091060000000001
2005,0.666946,4.5698050000000014,2.7810970000000004,5.839077,35.827943,4.631888,3.506956,0.84515,17.842038,8.925921999999998,1.292729,1.428241,12.609903,6.278616,2.9644540000000004,2.7452990000000006,4.182742,4.576628,1.3187870000000002,5.592379,6.40329,10.051137,5.119598000000001,2.905943,5.7903,0.940102,1.761497,2.432143,2.432143,8.651974000000001,8.651974000000001,19.13261,8.705407000000001,0.646089,11.46332,3.548597,3.613202,12.44999,1.067916,4.270149999999999,0.7754930000000001,5.991057,22.778123,0.567136,2.457719,0.6212150000000001,7.577104999999999,6.2573050000000014,1.820492,5.546166,0.514157
2006,0.6753020000000001,4.628981,2.821761,6.029140999999999,36.021202,4.7204229999999985,3.5174600000000003,0.859268,18.16699,9.155813,1.309731,1.4686689999999998,12.643955,6.332669,2.982644,2.762931,4.219239000000001,4.302665,1.323619,5.627367,6.410084,10.036081,5.1635550000000014,2.9049780000000003,5.842704,0.952692,1.772693,2.5226580000000003,2.5226580000000003,8.661679,8.661679,19.104631,8.91727,0.649422,11.481213,3.59409,3.6708830000000003,12.510809,1.0630959999999998,4.3578470000000005,0.783033,6.088766000000001,23.359579999999998,0.570681,2.525507,0.6228919999999999,7.673725,6.3707530000000006,1.827912,5.577655,0.5226669999999999
2007,0.6802999999999999,4.67284,2.84865,6.167681,36.250310999999996,4.8038680000000005,3.5272699999999997,0.8717489999999999,18.367842,9.349988000000002,1.315675,1.505105,12.695866000000002,6.379599,2.999212,2.783785,4.256672000000001,4.3755809999999995,1.32704,5.6534080000000015,6.431559,10.001284,5.207203,2.92835,5.887611999999999,0.964706,1.78344,2.6010720000000003,2.6010720000000003,8.677885,8.677885,19.132335,9.118037,0.652822,11.500468,3.634349,3.7224169999999996,12.563937,1.057315,4.4441099999999985,0.7916230000000001,6.175726999999999,23.831983,0.574404,2.597746,0.6234810000000001,7.751,6.461587000000001,1.834052,5.6107749999999985,0.534876
2008,0.687455,4.7182059999999995,2.8745540000000003,6.2803619999999984,36.604337,4.889729999999999,3.545579,0.8838739999999999,18.527305,9.504843,1.332213,1.5343200000000001,12.747038,6.4248059999999985,3.0167340000000005,2.808076,4.289878,4.435585999999999,1.330509,5.684965,6.468966999999999,9.946889,5.247018,2.9478059999999995,5.923916,0.976415,1.7963779999999998,2.6536299999999997,2.6536299999999997,8.711089999999999,8.711089999999999,19.212436,9.309449,0.657569,11.515391,3.6689760000000002,3.7687480000000004,12.612285,1.0550030000000001,4.528996,0.799124,6.2474110000000005,24.309039,0.580236,2.6630290000000003,0.6241509999999999,7.833496,6.562231,1.84031,5.640996,0.5460430000000001
2009,0.6988949999999999,4.757937999999999,2.896843,6.343154,36.961229,4.972195,3.5618070000000004,0.8917299999999999,18.652644,9.620846,1.3467170000000002,1.554439,12.796778,6.459325,3.03287,2.832704,4.317074000000002,4.4916480000000005,1.3295899999999998,5.7303880000000005,6.517613,9.901591,5.2812030000000005,2.9587740000000005,5.961088000000001,0.983982,1.8126830000000003,2.6846650000000003,2.6846650000000003,8.755602,8.755602,19.307066000000006,9.449566,0.6649680000000001,11.528896,3.717572,3.8086,12.666858,1.053646,4.5898720000000015,0.807067,6.306019,24.801761000000006,0.5922280000000001,2.723421,0.624817,7.925936999999999,6.667426,1.847775,5.669264,0.559851
2010,0.714015,4.785579,2.9217370000000003,6.4070019999999985,37.32769,5.0480290000000005,3.580171,0.8997120000000001,18.846461,9.712696000000001,1.363817,1.570912,12.841196000000002,6.490029000000002,3.050223,2.858403,4.3479480000000015,4.544871,1.327568,5.788099,6.5649429999999995,9.876731,5.310711,2.970437,5.9956809999999985,0.990507,1.829956,2.7027970000000003,2.7027970000000003,8.803708,8.803708,19.405185000000003,9.574247,0.6745180000000001,11.539282,3.759529000000001,3.837073,12.711063000000001,1.0531689999999998,4.635834,0.8162269999999999,6.3558819999999985,25.241648,0.6050399999999999,2.7752600000000003,0.625842,8.025205999999999,6.7413859999999985,1.854315,5.690403,0.564376
2011,0.7222589999999999,4.798649,2.9386400000000004,6.4654880000000015,37.672654,5.116411,3.5919269999999996,0.907884,19.097369,9.810595,1.378323,1.58318,12.862298,6.515358,3.06369,2.8687560000000003,4.368505,4.574388,1.3279679999999998,5.843115,6.612178000000001,9.876199,5.345967,2.9774520000000004,6.010280000000001,0.996866,1.841641,2.71817,2.71817,8.844693999999997,8.844693999999997,19.526372,9.662939999999999,0.68483,11.543332000000001,3.785232,3.865845,12.742811,1.052154,4.672744000000002,0.8233380000000001,6.396281,25.644424,0.620336,2.81543,0.62621,8.107548000000001,6.8191549999999985,1.854891,5.705812,0.5676019999999999
2012,0.7308250000000001,4.813946,2.949208,6.544210999999999,38.01900600000001,5.18633,3.5977050000000004,0.916868,19.341327,9.911171000000001,1.392772,1.5946729999999998,12.878493999999998,6.535665,3.074386,2.885316,4.383673,4.602681,1.3281010000000002,5.89168,6.659627,9.88661,5.377695,2.9829630000000003,6.023267,1.003522,1.8548619999999998,2.75241,2.75241,8.882095,8.882095,19.625409,9.755299,0.70138,11.546969,3.8152980000000003,3.8939199999999996,12.768034,1.052761,4.719009,0.832576,6.450632,26.078326999999998,0.63563,2.854222,0.625606,8.188656,6.890899,1.85536,5.721075,0.576608
2013,0.7367600000000001,4.82766,2.9567799999999997,6.616124,38.347383,5.262556,3.60247,0.925114,19.584927,9.981773,1.4080379999999997,1.610187,12.890403,6.567483999999999,3.089876,2.8929,4.399121,4.6267949999999995,1.327975,5.932654,6.711138000000001,9.899219,5.416074000000001,2.987721,6.041142,1.0119209999999998,1.867414,2.786547,2.786547,8.913735,8.913735,19.712514000000002,9.849812,0.722908,11.567845,3.84984,3.919664,12.77845,1.052784,4.765862,0.8425130000000001,6.490794999999999,26.479279,0.6501140000000001,2.8999610000000002,0.6260439999999999,8.261689,6.9634100000000005,1.852333,5.7366730000000015,0.582341
2014,0.7367589999999999,4.8400370000000015,2.9648000000000003,6.706435000000001,38.701278,5.3423110000000005,3.6001879999999997,0.9348049999999999,19.897747,10.08385,1.41771,1.630391,12.882438,6.5931820000000005,3.105563,2.899553,4.410415,4.648797,1.3289029999999995,5.970244999999999,6.757925,9.914675,5.452649,2.988578,6.058014,1.019931,1.88092,2.83173,2.83173,8.943010000000003,8.943010000000003,19.773580000000006,9.94116,0.738658,11.593741,3.8750080000000002,3.9606730000000003,12.790341,1.054782,4.824758,0.8494550000000001,6.540006999999999,26.954435999999998,0.6607970000000001,2.938671,0.6256649999999999,8.316902,7.046931,1.8476240000000002,5.751272,0.583334
2015,0.7379789999999999,4.8508580000000014,2.975626,6.802262,39.032444,5.440445,3.593862,0.944107,20.268567,10.199533,1.42632,1.6493239999999998,12.862051,6.610595999999999,3.118473,2.9057890000000004,4.422057,4.6712110000000004,1.327787,6.0005609999999985,6.794002000000001,9.91817,5.483238,2.985297,6.072640000000002,1.028317,1.893564,2.8830570000000004,2.8830570000000004,8.960001,8.960001,19.819347,10.041769,0.7548590000000001,11.606027000000001,3.904353,4.0165370000000005,12.791124,1.055916,4.892423,0.854036,6.590725999999999,27.45488,0.6727360000000001,2.984917,0.6244550000000001,8.366767,7.152817999999999,1.839767,5.759744,0.586102
2016,0.7415219999999999,4.860545,2.9882310000000003,6.908642,39.29647600000001,5.530105000000001,3.587685,0.952698,20.656589,10.31362,1.428683,1.6800259999999998,12.835726,6.634007,3.1308689999999997,2.907731,4.4361130000000015,4.6861570000000015,1.3302320000000003,6.0247519999999986,6.823721000000001,9.933445,5.52505,2.985415,6.091175999999999,1.038656,1.907603,2.9392540000000005,2.9392540000000005,8.978416000000001,8.978416000000001,19.836285999999998,10.156689,0.755548,11.622553999999996,3.921207,4.085989,12.787085000000001,1.057566,4.959822,0.8615419999999999,6.6494040000000005,27.904861999999998,0.6843359999999999,3.044321,0.6233540000000001,8.41438,7.280933999999999,1.8286369999999998,5.772917,0.5849099999999999
2017,0.739795,4.874747,3.0042790000000004,7.0162700000000005,39.536653,5.607154,3.5881839999999996,0.961939,20.9844,10.429378999999999,1.4275379999999998,1.716943,12.802023000000002,6.666817999999999,3.145711,2.913123,4.4541889999999995,4.6843330000000005,1.3359070000000002,6.052177,6.859819000000001,9.962311,5.576606,2.9841,6.113531999999998,1.0504930000000001,1.920076,2.9980390000000003,2.9980390000000003,9.005644,9.005644,19.849399,10.273419,0.755393,11.658608999999998,3.930864,4.1427760000000005,12.805537,1.059639,5.024369000000001,0.8696659999999999,6.7159840000000015,28.304596000000004,0.693972,3.101833,0.6236569999999999,8.47002,7.405742999999999,1.8158570000000005,5.795483,0.5793149999999999
